ticker,miss_rate
A,0.0164168817221536
AA,0.0041249824856381
AAL,0.0008174962292609
AAPL,-0.000267149673276
ABBV,0.002686509470429
ABEV,0.0106506572446627
ABNB,0.0010080250538265
ABT,0.0029290290177974
ACB,0.013558927844642
ACI,0.0375916766160668
ACN,0.0081909814323607
ADBE,0.0050929413713326
ADI,0.0077083366727042
ADM,0.0060402541127692
ADP,0.0136972980482045
ADSK,0.0175698997120126
AEE,0.0330218368142936
AEM,0.0139109726400229
AEO,0.008785609185421
AEP,0.0084392581787872
AES,0.0090542367266684
AFL,0.0101068064393756
AFRM,0.002664787219761
AG,0.0471926961926961
AI,0.005721174209103
AIG,0.0024652571849904
AKAM,0.0246285283793098
ALL,0.0108110129781311
ALLY,0.0108646827624929
AMAT,0.0013720807219452
AMCR,0.0052183665391212
AMD,0.0015435908121884
AMGN,0.0033901293538718
AMT,0.0133213404952535
AMX,0.0310253368616357
AMZN,0.0024946436490508
ANF,0.0194105609608838
APA,0.003608123487265
APP,0.0408317787775704
APTV,0.0326300031779484
AR,0.0184247246385417
ARCC,0.0364899843971247
ARM,0.0062310449407223
ARRY,0.011042735042735
ASAN,0.0228652926021346
ASO,0.0359404783865215
ATI,0.0296712456120665
ATUS,0.0275764596848934
AU,0.0225146827102133
AVGO,0.0126343571893049
AVTR,0.0169031194411904
AXP,0.0036444558428304
AXTA,0.0376943005181347
AZN,0.0218471755948036
BA,0.0023744262960766
BABA,0.0006350347471842
BAC,0.0004749921190846
BALL,0.0483161556093416
BAX,0.0065184520279332
BB,0.0094466936572199
BBBY,0.0073644315516877
BBD,0.0085541708446736
BBWI,0.0092468252809808
BBY,0.0040157938886841
BCS,0.0493929952728835
BDX,0.0420579073631792
BE,0.0446201946201946
BEKE,0.0078516420288572
BEN,0.0210519285534913
BHC,0.0290382323278628
BHP,0.0107821303834593
BIDU,0.0152820512820512
BIIB,0.0321510120050265
BILI,0.0127855795430726
BJ,0.0418127693768719
BK,0.0036003146741401
BKR,0.0030281865027628
BMBL,0.0240729252826027
BMY,0.0023300794503128
BP,0.0024546035222191
BRK.B,0.0458362235770873
BSX,0.0032106047734303
BWA,0.0476071403764672
BX,0.0135072602521142
BYND,0.0152320158187718
C,0.001562812903019
CAG,0.009003478288746
CAH,0.010938710521957
CARR,0.0090800951625693
CAT,0.0028269778426061
CAVA,0.0495616211745244
CB,0.0226333884471039
CBRE,0.0332814167459837
CC,0.0319044913227738
CCI,0.0275383226206313
CCJ,0.0257204077734803
CCL,0.0055609875989122
CDE,0.0217358779740184
CDNS,0.0313239483827718
CEG,0.041300883673765
CF,0.0448601145781188
CFG,0.0079180708700061
CFLT,0.0254994494258298
CGC,0.0050958845076491
CHKP,0.0457903740818015
CHRW,0.037676010669193
CHWY,0.0064003351191657
CI,0.0284462584205209
CIEN,0.0183224020341722
CL,0.0063039052942042
CLF,0.0315504926671031
CLOV,0.0129408618326479
CLX,0.0455929011264588
CMA,0.0289823289625309
CMCSA,0.0014269832325662
CMI,0.0444298920244277
CMS,0.0276314921137728
CNI,0.0362143747908872
CNP,0.0206899877658143
CNQ,0.0084186840471757
CNX,0.0195843422729188
COF,0.0076836777688094
COHR,0.0204693611473272
COIN,0.0004602235371465
COP,0.0025382127936077
COR,0.0332724232078264
COST,0.0071333868535007
COTY,0.0454567247760965
CPB,0.0276934245059369
CPNG,0.0020618921308576
CPRI,0.0174892496192135
CRBG,0.0449801898781491
CRM,0.0280102085899774
CRWD,0.0052668647518433
CSCO,0.0008848209798516
CSX,0.0093071186716009
CTRA,0.0085311128229582
CTSH,0.0109132997273959
CTVA,0.0099623118314706
CVE,0.0286089238845144
CVS,0.0039799176603769
CVX,0.0023265258466208
CX,0.0153762593706727
D,0.0087560976912924
DAL,0.0033630974163799
DASH,0.0074512103737008
DBRG,0.0475336990262363
DBX,0.0082954208718994
DD,0.0061433447098976
DDD,0.0402020397001576
DDOG,0.0070559610705596
DE,0.0115862813299779
DELL,0.0129366987179486
DFS,0.0082675713548197
DG,0.0279209455531873
DHI,0.0065296723142107
DHR,0.0110049636409295
DINO,0.0098075916757235
DIS,0.0020314061155902
DKS,0.0292669388339779
DLTR,0.0153311079087697
DNA,0.0325336561388063
DOCS,0.0346350479786062
DOCU,0.0140130774546807
DOW,0.0030987273832735
DRI,0.0308039602267566
DT,0.028259587020649
DUK,0.0048321438012159
DVN,0.0029220831262923
DXC,0.0352297008547008
EA,0.0076235666271253
EBAY,0.0012769754382589
ECL,0.0495466470044506
ED,0.0168395125052761
EGO,0.0404297623173601
EIX,0.0160895003162555
EL,0.0270173807577432
ELAN,0.0196327199298967
ELV,0.0315199075341423
EMN,0.0494766537900523
EMR,0.0061572656696641
ENVX,0.041205648225929
EOG,0.005575413681269
EPD,0.0225082712985938
EQH,0.0240808102421454
EQNR,0.0403110550651534
EQR,0.022102895368159
EQT,0.0284241909372144
ERIC,0.0312825287685623
ES,0.0247507976524763
ETN,0.0109280479558455
ETR,0.0333653912941264
ETRN,0.0235325039425267
ETSY,0.031785130292593
EXC,0.0039837359278909
EXPD,0.0416332016587716
EXPE,0.015809391411801
F,0.0010247861466865
FAST,0.0218977244190829
FCX,0.0028312522373785
FDX,0.013219634432387
FE,0.0117219933640021
FHN,0.0316625792766654
FI,0.0342785088773835
FIGS,0.0253773548855515
FIS,0.0316828374482449
FITB,0.0025054005823236
FL,0.023317892082218
FLEX,0.0163896324554795
FLR,0.0320734554741639
FNF,0.0465328510719572
FOX,0.0419090764584326
FOXA,0.0055279400190547
FRSH,0.0430943068231204
FSLR,0.0198725359419
FSLY,0.0259121870796997
FSR,0.0012663012663012
FTCH,0.0254464806816855
FTI,0.0067574031395399
FTNT,0.0456201967966674
FTV,0.0317590497737556
FUBO,0.0020049428483163
GD,0.0284818952666421
GE,0.000829766885195
GEHC,0.0407858328721637
GEN,0.0051914712412932
GFI,0.0188416177242992
GFS,0.0301236588470631
GGB,0.0286581435324452
GILD,0.0016953318266091
GIS,0.0059846869807278
GLW,0.0031470231511906
GM,0.0017387675615523
GME,0.0164442217210947
GNW,0.0306089409652652
GOLD,0.0017991888753093
GOOG,0.0171948215707332
GOOGL,0.0168427423792231
GPRO,0.0265623173621516
GPS,0.0052270505073171
GRAB,0.0008452041785375
GRPN,0.0421496768813841
GS,0.0044245328887962
GSK,0.0104725718356685
GT,0.0098482055556445
HAL,0.0020816302541661
HBAN,0.0030332062991902
HBI,0.0424819716115123
HCA,0.0258403328113383
HCP,0.0274808054469071
HD,0.0021003307312955
HES,0.0061795054206721
HIG,0.0132522266925267
HL,0.0141992653140661
HLN,0.0236311431623931
HLT,0.0177715361460945
HMY,0.0481281504046502
HOG,0.019070037065013
HOLX,0.0415652833656584
HON,0.004818311507205
HOOD,0.0005879470847623
HP,0.0326109606167951
HPE,0.003602366102366
HPQ,0.0024358707209301
HRB,0.0215888993967759
HSBC,0.0351852527611541
HST,0.0060083082652915
HSY,0.045318201975839
HTZ,0.008301051466519
HUN,0.0309345604736666
HUT,0.0226567059647484
HWM,0.0106452521837137
IAG,0.0366121513786836
IBM,0.0021072766228006
IBN,0.0212195005491094
ICE,0.0499501517850141
INFY,0.0288281212432077
INTC,0.0008319040825812
INTU,0.0243800791831632
INVH,0.0269478719990665
IP,0.0082800369735147
IPG,0.0159237234252862
IQ,0.0045636481219303
ITUB,0.0057385406046482
ITW,0.0284441444071424
IVZ,0.0078677064405411
JBL,0.0369874065644018
JBLU,0.0081071240987442
JCI,0.0084616987513423
JD,0.0022484559620382
JEF,0.0456908494349252
JNJ,0.001797917301147
JNPR,0.007544929029304
JOBY,0.0151774988608591
JPM,0.0012689609480607
JWN,0.0125683235289403
K,0.0171258969550279
KBH,0.0188703843215199
KD,0.041725352112676
KDP,0.0254920252393723
KEY,0.0061952009232693
KGC,0.0071157427302678
KHC,0.0020443841872412
KIM,0.0267609170713983
KKR,0.0399494253911629
KLAC,0.0309792104124256
KMB,0.012699761168192
KMI,0.0070827434324366
KMX,0.0322316080807433
KO,0.0017695994357799
KR,0.004524981165948
KSS,0.0058682097231794
KVUE,0.0122630992196209
LAC,0.0228146853146853
LAZR,0.0031248987001198
LBTYA,0.0392195482977606
LEN,0.009080951693996
LESL,0.0478695556186331
LI,0.0009655494297132
LIN,0.0374234559981337
LLY,0.0046446642195756
LMND,0.0451173548055507
LMT,0.0254866131298721
LNC,0.017152077623009
LOW,0.0036230838689684
LPX,0.0419507711407153
LRCX,0.0192796576209787
LU,0.0130570536474595
LULU,0.0431476782307507
LUMN,0.0042503878091066
LUV,0.0042305822259979
LVS,0.0035777044076783
LYB,0.0107204491589774
LYFT,0.001710104588394
M,0.0022393855448947
MA,0.0198723713337022
MAR,0.0139409385502321
MAS,0.0116466571561383
MAT,0.0139526931358563
MBLY,0.0221460068593826
MCD,0.0027991942765853
MCHP,0.0138025550194752
MCK,0.0387703634838454
MDLZ,0.0019569912096601
MDT,0.0031010734073871
ME,0.0430979978925184
MET,0.0041814266861152
META,0.0005431607947758
MFA,0.0492611495929031
MFC,0.0402855369335816
MGM,0.0071462892587254
MGNI,0.0417321937321937
MLCO,0.0244601778830406
MMC,0.0175164697773574
MMM,0.0052954408236758
MNST,0.0298577160840132
MO,0.002332216647699
MOS,0.0050526958421694
MP,0.006692850528467
MPC,0.0042745831007112
MQ,0.0165409753645048
MRK,0.0022274939757748
MRNA,0.0180102405334603
MRO,0.0028622415994785
MRVL,0.0057453208734725
MS,0.0024349873728756
MSFT,0.0007207698184985
MT,0.0173178388960512
MTCH,0.0374839665757587
MTG,0.0218062120995081
MTTR,0.0481784970466727
MU,0.0017840255181368
MUR,0.0164329107025502
NAVI,0.0411287885891705
NEE,0.0084740091857529
NEM,0.0024743402738818
NET,0.0147365967365967
NFLX,0.0155908549323844
NI,0.0220409166439589
NIO,-0.000163101198604
NKE,0.0050475259268757
NLOK,0.0046817326541181
NLY,0.0033042066561619
NOK,0.0044835983383469
NOV,0.0046887989203778
NRG,0.0257692574841981
NSC,0.019968369478684
NTAP,0.0077377231367645
NTNX,0.026350956318383
NTR,0.012749987406176
NTRS,0.0491717782935455
NU,0.0019115269115269
NUE,0.0089388280678133
NVDA,0.0017188409978574
NVS,0.0195679271325465
NWL,0.0176185209525489
NWSA,0.0304849707096898
NXPI,0.0327352191698991
NYCB,0.010854254853306
O,0.0162989663488167
OGN,0.0369645550527903
OKE,0.034715565742863
OLPX,0.0425842992623815
OMC,0.0236272514038715
ON,0.0046382639442575
ONON,0.021663434604611
OPEN,-0.0001997576710219
ORCL,0.0018540187325351
ORI,0.049689633767846
OTIS,0.0224246745359
OTLY,0.0418145956607495
OVV,0.0049676446260886
OXY,0.00313473426622
PAAS,0.0301711789141956
PAGS,0.0310592185592185
PARA,0.0040100982449736
PATH,0.0033219291468933
PAYO,0.0468599605522682
PAYX,0.0146038562616445
PBF,0.0277020215905133
PBI,0.0495177948397369
PBR,0.0022064905366613
PBR.A,0.0156448562898645
PCAR,0.0174934949054557
PCG,0.0105844700551931
PDD,0.0032157733962787
PEAK,0.0072790085892682
PEG,0.0157100036866655
PEP,0.0024262533326921
PFE,0.0014816120879884
PFG,0.0301900502775684
PG,0.0022066563012593
PGR,0.0097652308178624
PHM,0.0075272091942231
PINS,0.0027496906864626
PK,0.0316139100058697
PLD,0.0139806521831657
PLTR,-0.0008679916574654
PM,0.0023517678473763
PNC,0.0111235780958639
PPG,0.0404405832411667
PPL,0.0107832294121104
PRU,0.0088800551396925
PSNY,0.0450256410256409
PSTG,0.0336191878297141
PSX,0.004500633647553
PTEN,0.009100527170245
PTON,0.0014712449176244
PWR,0.0482648628720726
PXD,0.021203669567912
PYPL,0.0008182293896579
QCOM,0.0010856962721934
QRTEA,0.0178898128898128
QRVO,0.0414649767410503
QS,0.0007486665381402
QSR,0.0439172423043391
RBLX,0.0013491558946104
RCL,0.026540785740619
RDN,0.0462541183211574
REAL,0.0470989836991571
RF,0.0075127831118662
RIG,0.0024838056680162
RIO,0.011172758617485
RITM,0.0372876691529541
RIVN,0.0
RKLB,0.0122600075291755
RKT,0.0158833538696239
RLX,0.0269163114809553
ROKU,0.0034805437443627
ROST,0.0159531098893466
RPRX,0.0429613975767821
RRC,0.0190969272444579
RSG,0.0486201719375297
RTX,0.0030105094146839
S,0.009931940487496
SABR,0.0446097583846466
SAN,0.0400564260654372
SBUX,0.0015051212592367
SCHW,0.0026813857002536
SE,0.0353003384094754
SFIX,0.0470684200118647
SFM,0.0483391608391607
SGFY,0.0461538461538461
SHEL,0.0103336312726874
SHLS,0.0297673628799456
SIRI,0.0014591715154332
SITC,0.0416444574251883
SLB,0.0024935750503577
SLM,0.0280067255149222
SM,0.0313810635916897
SNAP,0.0012097607034315
SNOW,0.0039673880099412
SNV,0.042997660316096
SO,0.0047857192470653
SOFI,-0.0007320531984209
SPG,0.0240156870288147
SPGI,0.0378047000437892
SPLK,0.0388112675080939
SPOT,0.0334838540299291
SPWR,0.0317450703277475
SQ,0.0066898295164443
SRE,0.0359497972333979
STAR,0.0410256410256409
STLD,0.0150044167502267
STNE,0.0213338768221432
STT,0.0115125480201537
STX,0.0076591811328214
STZ,0.043168181405314
SU,0.0046375877381463
SWKS,0.0164371850973226
SWN,0.0082933944571785
SYF,0.0166457374075624
SYK,0.0325853142481606
SYY,0.0078061134531232
T,0.0015191757879243
TAP,0.044480176686059
TCOM,0.0261511707800539
TD,0.044757733369833
TDC,0.0493157609000879
TECK,0.007033089336929
TEL,0.0292067416829062
TER,0.0216802645850363
TEVA,0.0043010752688171
TFC,0.0037127190897277
TGNA,0.0377272865529093
TGT,0.0031336656675269
THC,0.0349608091429304
TJX,0.0071483909575178
TLRY,0.0129293488286293
TME,0.0063635097770086
TMO,0.0295873606146579
TMUS,0.0112166523301426
TOL,0.0155827722866829
TOST,0.0066449369839199
TPR,0.0054547997859193
TRIP,0.0183868820411705
TROW,0.0344564305597854
TRV,0.0189770079650333
TS,0.0360786609789871
TSLA,0.0164056053172495
TSM,0.0033731788180186
TSN,0.0150383894080498
TT,0.0222041020754694
TTE,0.0244514621591033
TTWO,0.0465481590716014
TWLO,0.0147942411678675
TXN,0.002012705638461
TXT,0.033402792248385
U,0.0033539919795844
UA,0.0268912690684842
UAA,0.0260995762065916
UAL,0.0043112416620769
UBER,0.0009504676732983
UDR,0.0440561869192833
UNH,0.0041018160834789
UNM,0.0279614877031005
UNP,0.0081710399068182
UPS,0.0051292737268981
UPST,0.0063446783395632
URBN,0.0192513397556114
USB,0.0029733758635612
V,0.0024741791274857
VALE,0.0024070408267581
VFC,0.0353065008201495
VFS,0.0319163292847503
VIAV,0.0368210018031234
VLO,0.0024791489680008
VLTO,0.037057387057387
VOD,0.0117711489038848
VRTX,0.034221709080996
VST,0.0139827036868457
VTR,0.0418201441539637
VTRS,0.0036757445453097
VZ,0.0017535704553833
WBA,0.001253411503083
WBD,0.0070400359874044
WDAY,0.0440346396433508
WDC,0.0065451669952607
WELL,0.0160836938720637
WEN,0.0199983287972115
WFC,0.0022387142620524
WM,0.0146256021018829
WMB,0.0038645871736099
WMT,0.0017209781952436
WOLF,0.0358693193973289
WOOF,0.0266626340020835
WPM,0.0092883743968885
WRK,0.024571957427117
WSM,0.0410464973622868
WU,0.007587602425868
WY,0.0088955498207425
WYNN,0.0177451498976817
X,0.003145420253151
XEL,0.0164574884724916
XOM,0.001591677753378
XPEV,0.0001074594788215
XRX,0.0134771667174251
YMM,0.0259585979769465
YUM,0.0151639497544894
YUMC,0.0220039707683858
ZBH,0.0386878364814308
ZI,0.0140522875816992
ZIM,0.0262769502822552
ZION,0.0303027874396909
ZM,0.0049234182345663
ZS,0.0341671878257243
ZTO,0.0370578224116348
ZTS,0.0165002086521074
